Topic Id,Top Words...
0,jake wolf back pack time knew jacobs mom imprint thought wanted dad leahs mae things alex kim make told long
1,ashley love baby willow mother asked rose sister back eda family amber room anna dad time hair good father daughter
2,eyes back face head hand hands voice door turned hair smile fingers looked lips louisa gaze open side arm mouth
3,time school good back yeah people girl make day dad friends made phone lot class car thing things thought home
4,eyes back face beau looked voice asked school class truck car edythe head thought table time turned good hair walked
5,back looked asked eyes head hand felt time face nodded smiled turned knew room door made house started wanted told
6,aro caius marcus demetri felix vampire mia valerie aros alec ramona room back guard vampires human mate coven looked thought
7,eyes back body lips feel hand felt hands love mouth face fingers hair skin head voice time chest mine neck
8,back eyes head asks face hand feel smile takes makes smiles time door nods room hands turns feels make voice
9,time human knew life thought vampire made family felt mind eyes back wanted make blood long bellas moment things vampires
